Domain Code,Domain,Area Code (M49),Area,Element Code,Element,Item Code,Item,Year Code,Year,Unit,Value,Flag,Flag Description,Note,newColumn
OA,Annual population,620,Portugal,511,Total Population - Both sexes,3010,Population - Est. & Proj.,1950,1950-01-01,1000 No,8416.952,X,Figure from international organizations,,8416.952
OA,Annual population,566,Nigeria,511,Total Population - Both sexes,3010,Population - Est. & Proj.,1950,1950-01-01,1000 No,37189.369,X,Figure from international organizations,,37189.369
OA,Annual population,826,United Kingdom of Great Britain and Northern Ireland,511,Total Population - Both sexes,3010,Population - Est. & Proj.,1950,1950-01-01,1000 No,50055.065,X,Figure from international organizations,,50055.065
OA,Annual population,840,United States of America,511,Total Population - Both sexes,3010,Population - Est. & Proj.,1950,1950-01-01,1000 No,148281.55,X,Figure from international organizations,,148281.55
OA,Annual population,356,India,511,Total Population - Both sexes,3010,Population - Est. & Proj.,1950,1950-01-01,1000 No,357021.1,X,Figure from international organizations,,357021.1
OA,Annual population,620,Portugal,511,Total Population - Both sexes,3010,Population - Est. & Proj.,1951,1951-01-01,1000 No,8472.644,X,Figure from international organizations,,16889.595999999998
OA,Annual population,566,Nigeria,511,Total Population - Both sexes,3010,Population - Est. & Proj.,1951,1951-01-01,1000 No,37903.171,X,Figure from international organizations,,75092.54000000001
OA,Annual population,826,United Kingdom of Great Britain and Northern Ireland,511,Total Population - Both sexes,3010,Population - Est. & Proj.,1951,1951-01-01,1000 No,50271.904,X,Figure from international organizations,,100326.96900000001
OA,Annual population,840,United States of America,511,Total Population - Both sexes,3010,Population - Est. & Proj.,1951,1951-01-01,1000 No,150598.453,X,Figure from international organizations,,298880.003
OA,Annual population,356,India,511,Total Population - Both sexes,3010,Population - Est. & Proj.,1951,1951-01-01,1000 No,364922.36,X,Figure from international organizations,,721943.46
OA,Annual population,620,Portugal,511,Total Population - Both sexes,3010,Population - Est. & Proj.,1952,1952-01-01,1000 No,8523.684,X,Figure from international organizations,,25413.28
OA,Annual population,566,Nigeria,511,Total Population - Both sexes,3010,Population - Est. & Proj.,1952,1952-01-01,1000 No,38624.425,X,Figure from international organizations,,113716.96500000001
OA,Annual population,826,United Kingdom of Great Britain and Northern Ireland,511,Total Population - Both sexes,3010,Population - Est. & Proj.,1952,1952-01-01,1000 No,50484.813,X,Figure from international organizations,,150811.782
OA,Annual population,840,United States of America,511,Total Population - Both sexes,3010,Population - Est. & Proj.,1952,1952-01-01,1000 No,152941.727,X,Figure from international organizations,,451821.73000000004
OA,Annual population,356,India,511,Total Population - Both sexes,3010,Population - Est. & Proj.,1952,1952-01-01,1000 No,372997.188,X,Figure from international organizations,,1094940.648
OA,Annual population,620,Portugal,511,Total Population - Both sexes,3010,Population - Est. & Proj.,1953,1953-01-01,1000 No,8573.397,X,Figure from international organizations,,33986.676999999996
OA,Annual population,566,Nigeria,511,Total Population - Both sexes,3010,Population - Est. & Proj.,1953,1953-01-01,1000 No,39347.719,X,Figure from international organizations,,153064.684
OA,Annual population,826,United Kingdom of Great Britain and Northern Ireland,511,Total Population - Both sexes,3010,Population - Est. & Proj.,1953,1953-01-01,1000 No,50728.62,X,Figure from international organizations,,201540.402
OA,Annual population,840,United States of America,511,Total Population - Both sexes,3010,Population - Est. & Proj.,1953,1953-01-01,1000 No,155451.199,X,Figure from international organizations,,607272.929
OA,Annual population,356,India,511,Total Population - Both sexes,3010,Population - Est. & Proj.,1953,1953-01-01,1000 No,381227.705,X,Figure from international organizations,,1476168.3530000001
OA,Annual population,620,Portugal,511,Total Population - Both sexes,3010,Population - Est. & Proj.,1954,1954-01-01,1000 No,8619.174,X,Figure from international organizations,,42605.850999999995
OA,Annual population,566,Nigeria,511,Total Population - Both sexes,3010,Population - Est. & Proj.,1954,1954-01-01,1000 No,40082.479,X,Figure from international organizations,,193147.163
OA,Annual population,826,United Kingdom of Great Britain and Northern Ireland,511,Total Population - Both sexes,3010,Population - Est. & Proj.,1954,1954-01-01,1000 No,50969.939,X,Figure from international organizations,,252510.34100000001
OA,Annual population,840,United States of America,511,Total Population - Both sexes,3010,Population - Est. & Proj.,1954,1954-01-01,1000 No,158205.873,X,Figure from international organizations,,765478.802
OA,Annual population,356,India,511,Total Population - Both sexes,3010,Population - Est. & Proj.,1954,1954-01-01,1000 No,389731.406,X,Figure from international organizations,,1865899.759
OA,Annual population,620,Portugal,511,Total Population - Both sexes,3010,Population - Est. & Proj.,1955,1955-01-01,1000 No,8665.451,X,Figure from international organizations,,51271.301999999996
OA,Annual population,566,Nigeria,511,Total Population - Both sexes,3010,Population - Est. & Proj.,1955,1955-01-01,1000 No,40839.223,X,Figure from international organizations,,233986.386
OA,Annual population,826,United Kingdom of Great Britain and Northern Ireland,511,Total Population - Both sexes,3010,Population - Est. & Proj.,1955,1955-01-01,1000 No,51193.266,X,Figure from international organizations,,303703.607
OA,Annual population,840,United States of America,511,Total Population - Both sexes,3010,Population - Est. & Proj.,1955,1955-01-01,1000 No,161136.449,X,Figure from international organizations,,926615.251
OA,Annual population,356,India,511,Total Population - Both sexes,3010,Population - Est. & Proj.,1955,1955-01-01,1000 No,398577.992,X,Figure from international organizations,,2264477.751
OA,Annual population,620,Portugal,511,Total Population - Both sexes,3010,Population - Est. & Proj.,1956,1956-01-01,1000 No,8707.083,X,Figure from international organizations,,59978.384999999995
OA,Annual population,566,Nigeria,511,Total Population - Both sexes,3010,Population - Est. & Proj.,1956,1956-01-01,1000 No,41616.571,X,Figure from international organizations,,275602.957
OA,Annual population,826,United Kingdom of Great Britain and Northern Ireland,511,Total Population - Both sexes,3010,Population - Est. & Proj.,1956,1956-01-01,1000 No,51421.613,X,Figure from international organizations,,355125.22000000003
OA,Annual population,840,United States of America,511,Total Population - Both sexes,3010,Population - Est. & Proj.,1956,1956-01-01,1000 No,164063.411,X,Figure from international organizations,,1090678.662
OA,Annual population,356,India,511,Total Population - Both sexes,3010,Population - Est. & Proj.,1956,1956-01-01,1000 No,407656.597,X,Figure from international organizations,,2672134.348
OA,Annual population,620,Portugal,511,Total Population - Both sexes,3010,Population - Est. & Proj.,1957,1957-01-01,1000 No,8748.069,X,Figure from international organizations,,68726.454
OA,Annual population,566,Nigeria,511,Total Population - Both sexes,3010,Population - Est. & Proj.,1957,1957-01-01,1000 No,42413.359,X,Figure from international organizations,,318016.316
OA,Annual population,826,United Kingdom of Great Britain and Northern Ireland,511,Total Population - Both sexes,3010,Population - Est. & Proj.,1957,1957-01-01,1000 No,51682.399,X,Figure from international organizations,,406807.619
OA,Annual population,840,United States of America,511,Total Population - Both sexes,3010,Population - Est. & Proj.,1957,1957-01-01,1000 No,166949.12,X,Figure from international organizations,,1257627.7820000001
OA,Annual population,356,India,511,Total Population - Both sexes,3010,Population - Est. & Proj.,1957,1957-01-01,1000 No,416935.399,X,Figure from international organizations,,3089069.7470000004
OA,Annual population,620,Portugal,511,Total Population - Both sexes,3010,Population - Est. & Proj.,1958,1958-01-01,1000 No,8799.094,X,Figure from international organizations,,77525.548
OA,Annual population,566,Nigeria,511,Total Population - Both sexes,3010,Population - Est. & Proj.,1958,1958-01-01,1000 No,43214.753,X,Figure from international organizations,,361231.069
OA,Annual population,826,United Kingdom of Great Britain and Northern Ireland,511,Total Population - Both sexes,3010,Population - Est. & Proj.,1958,1958-01-01,1000 No,51960.813,X,Figure from international organizations,,458768.43200000003
OA,Annual population,840,United States of America,511,Total Population - Both sexes,3010,Population - Est. & Proj.,1958,1958-01-01,1000 No,170147.101,X,Figure from international organizations,,1427774.8830000001
OA,Annual population,356,India,511,Total Population - Both sexes,3010,Population - Est. & Proj.,1958,1958-01-01,1000 No,426295.763,X,Figure from international organizations,,3515365.5100000002
OA,Annual population,620,Portugal,511,Total Population - Both sexes,3010,Population - Est. & Proj.,1959,1959-01-01,1000 No,8849.589,X,Figure from international organizations,,86375.13699999999
OA,Annual population,566,Nigeria,511,Total Population - Both sexes,3010,Population - Est. & Proj.,1959,1959-01-01,1000 No,44044.231,X,Figure from international organizations,,405275.30000000005
OA,Annual population,826,United Kingdom of Great Britain and Northern Ireland,511,Total Population - Both sexes,3010,Population - Est. & Proj.,1959,1959-01-01,1000 No,52241.647,X,Figure from international organizations,,511010.079
OA,Annual population,840,United States of America,511,Total Population - Both sexes,3010,Population - Est. & Proj.,1959,1959-01-01,1000 No,173324.608,X,Figure from international organizations,,1601099.4910000002
OA,Annual population,356,India,511,Total Population - Both sexes,3010,Population - Est. & Proj.,1959,1959-01-01,1000 No,435900.352,X,Figure from international organizations,,3951265.862
OA,Annual population,620,Portugal,511,Total Population - Both sexes,3010,Population - Est. & Proj.,1960,1960-01-01,1000 No,8882.469,X,Figure from international organizations,,95257.60599999999
OA,Annual population,566,Nigeria,511,Total Population - Both sexes,3010,Population - Est. & Proj.,1960,1960-01-01,1000 No,44928.342,X,Figure from international organizations,,450203.64200000005
OA,Annual population,826,United Kingdom of Great Britain and Northern Ireland,511,Total Population - Both sexes,3010,Population - Est. & Proj.,1960,1960-01-01,1000 No,52543.017,X,Figure from international organizations,,563553.096
OA,Annual population,840,United States of America,511,Total Population - Both sexes,3010,Population - Est. & Proj.,1960,1960-01-01,1000 No,176188.578,X,Figure from international organizations,,1777288.0690000001
OA,Annual population,356,India,511,Total Population - Both sexes,3010,Population - Est. & Proj.,1960,1960-01-01,1000 No,445954.579,X,Figure from international organizations,,4397220.441000001
OA,Annual population,620,Portugal,511,Total Population - Both sexes,3010,Population - Est. & Proj.,1961,1961-01-01,1000 No,8896.915,X,Figure from international organizations,,104154.52099999998
OA,Annual population,566,Nigeria,511,Total Population - Both sexes,3010,Population - Est. & Proj.,1961,1961-01-01,1000 No,45855.507,X,Figure from international organizations,,496059.14900000003
OA,Annual population,826,United Kingdom of Great Britain and Northern Ireland,511,Total Population - Both sexes,3010,Population - Est. & Proj.,1961,1961-01-01,1000 No,52861.251,X,Figure from international organizations,,616414.3470000001
OA,Annual population,840,United States of America,511,Total Population - Both sexes,3010,Population - Est. & Proj.,1961,1961-01-01,1000 No,179087.278,X,Figure from international organizations,,1956375.347
OA,Annual population,356,India,511,Total Population - Both sexes,3010,Population - Est. & Proj.,1961,1961-01-01,1000 No,456351.876,X,Figure from international organizations,,4853572.317000001
OA,Annual population,620,Portugal,511,Total Population - Both sexes,3010,Population - Est. & Proj.,1962,1962-01-01,1000 No,8905.437,X,Figure from international organizations,,113059.95799999998
OA,Annual population,566,Nigeria,511,Total Population - Both sexes,3010,Population - Est. & Proj.,1962,1962-01-01,1000 No,46821.845,X,Figure from international organizations,,542880.9940000001
OA,Annual population,826,United Kingdom of Great Britain and Northern Ireland,511,Total Population - Both sexes,3010,Population - Est. & Proj.,1962,1962-01-01,1000 No,53183.63,X,Figure from international organizations,,669597.9770000001
OA,Annual population,840,United States of America,511,Total Population - Both sexes,3010,Population - Est. & Proj.,1962,1962-01-01,1000 No,181917.809,X,Figure from international organizations,,2138293.156
OA,Annual population,356,India,511,Total Population - Both sexes,3010,Population - Est. & Proj.,1962,1962-01-01,1000 No,467024.193,X,Figure from international organizations,,5320596.510000001
OA,Annual population,620,Portugal,511,Total Population - Both sexes,3010,Population - Est. & Proj.,1963,1963-01-01,1000 No,8907.702,X,Figure from international organizations,,121967.65999999999
OA,Annual population,566,Nigeria,511,Total Population - Both sexes,3010,Population - Est. & Proj.,1963,1963-01-01,1000 No,47822.569,X,Figure from international organizations,,590703.5630000001
OA,Annual population,826,United Kingdom of Great Britain and Northern Ireland,511,Total Population - Both sexes,3010,Population - Est. & Proj.,1963,1963-01-01,1000 No,53508.514,X,Figure from international organizations,,723106.491
OA,Annual population,840,United States of America,511,Total Population - Both sexes,3010,Population - Est. & Proj.,1963,1963-01-01,1000 No,184649.873,X,Figure from international organizations,,2322943.029
OA,Annual population,356,India,511,Total Population - Both sexes,3010,Population - Est. & Proj.,1963,1963-01-01,1000 No,477933.619,X,Figure from international organizations,,5798530.129000001
OA,Annual population,620,Portugal,511,Total Population - Both sexes,3010,Population - Est. & Proj.,1964,1964-01-01,1000 No,8905.558,X,Figure from international organizations,,130873.218
OA,Annual population,566,Nigeria,511,Total Population - Both sexes,3010,Population - Est. & Proj.,1964,1964-01-01,1000 No,48856.332,X,Figure from international organizations,,639559.8950000001
OA,Annual population,826,United Kingdom of Great Britain and Northern Ireland,511,Total Population - Both sexes,3010,Population - Est. & Proj.,1964,1964-01-01,1000 No,53861.5,X,Figure from international organizations,,776967.991
OA,Annual population,840,United States of America,511,Total Population - Both sexes,3010,Population - Est. & Proj.,1964,1964-01-01,1000 No,187277.378,X,Figure from international organizations,,2510220.407
OA,Annual population,356,India,511,Total Population - Both sexes,3010,Population - Est. & Proj.,1964,1964-01-01,1000 No,489059.309,X,Figure from international organizations,,6287589.438000001
OA,Annual population,620,Portugal,511,Total Population - Both sexes,3010,Population - Est. & Proj.,1965,1965-01-01,1000 No,8899.092,X,Figure from international organizations,,139772.31
OA,Annual population,566,Nigeria,511,Total Population - Both sexes,3010,Population - Est. & Proj.,1965,1965-01-01,1000 No,49925.799,X,Figure from international organizations,,689485.6940000001
OA,Annual population,826,United Kingdom of Great Britain and Northern Ireland,511,Total Population - Both sexes,3010,Population - Est. & Proj.,1965,1965-01-01,1000 No,54229.565,X,Figure from international organizations,,831197.5560000001
OA,Annual population,840,United States of America,511,Total Population - Both sexes,3010,Population - Est. & Proj.,1965,1965-01-01,1000 No,189703.283,X,Figure from international organizations,,2699923.69
OA,Annual population,356,India,511,Total Population - Both sexes,3010,Population - Est. & Proj.,1965,1965-01-01,1000 No,500114.346,X,Figure from international organizations,,6787703.784000001
OA,Annual population,620,Portugal,511,Total Population - Both sexes,3010,Population - Est. & Proj.,1966,1966-01-01,1000 No,8881.847,X,Figure from international organizations,,148654.157
OA,Annual population,566,Nigeria,511,Total Population - Both sexes,3010,Population - Est. & Proj.,1966,1966-01-01,1000 No,51020.296,X,Figure from international organizations,,740505.9900000001
OA,Annual population,826,United Kingdom of Great Britain and Northern Ireland,511,Total Population - Both sexes,3010,Population - Est. & Proj.,1966,1966-01-01,1000 No,54560.502,X,Figure from international organizations,,885758.0580000001
OA,Annual population,840,United States of America,511,Total Population - Both sexes,3010,Population - Est. & Proj.,1966,1966-01-01,1000 No,191830.975,X,Figure from international organizations,,2891754.665
OA,Annual population,356,India,511,Total Population - Both sexes,3010,Population - Est. & Proj.,1966,1966-01-01,1000 No,510992.617,X,Figure from international organizations,,7298696.401000001
OA,Annual population,620,Portugal,511,Total Population - Both sexes,3010,Population - Est. & Proj.,1967,1967-01-01,1000 No,8856.641,X,Figure from international organizations,,157510.798
OA,Annual population,566,Nigeria,511,Total Population - Both sexes,3010,Population - Est. & Proj.,1967,1967-01-01,1000 No,52106.681,X,Figure from international organizations,,792612.6710000001
OA,Annual population,826,United Kingdom of Great Britain and Northern Ireland,511,Total Population - Both sexes,3010,Population - Est. & Proj.,1967,1967-01-01,1000 No,54876.365,X,Figure from international organizations,,940634.4230000001
OA,Annual population,840,United States of America,511,Total Population - Both sexes,3010,Population - Est. & Proj.,1967,1967-01-01,1000 No,193782.438,X,Figure from international organizations,,3085537.103
OA,Annual population,356,India,511,Total Population - Both sexes,3010,Population - Est. & Proj.,1967,1967-01-01,1000 No,521987.069,X,Figure from international organizations,,7820683.470000001
OA,Annual population,620,Portugal,511,Total Population - Both sexes,3010,Population - Est. & Proj.,1968,1968-01-01,1000 No,8821.528,X,Figure from international organizations,,166332.326
OA,Annual population,566,Nigeria,511,Total Population - Both sexes,3010,Population - Est. & Proj.,1968,1968-01-01,1000 No,53210.119,X,Figure from international organizations,,845822.79
OA,Annual population,826,United Kingdom of Great Britain and Northern Ireland,511,Total Population - Both sexes,3010,Population - Est. & Proj.,1968,1968-01-01,1000 No,55169.244,X,Figure from international organizations,,995803.667
OA,Annual population,840,United States of America,511,Total Population - Both sexes,3010,Population - Est. & Proj.,1968,1968-01-01,1000 No,195743.427,X,Figure from international organizations,,3281280.5300000003
OA,Annual population,356,India,511,Total Population - Both sexes,3010,Population - Est. & Proj.,1968,1968-01-01,1000 No,533431.909,X,Figure from international organizations,,8354115.379000001
OA,Annual population,620,Portugal,511,Total Population - Both sexes,3010,Population - Est. & Proj.,1969,1969-01-01,1000 No,8768.151,X,Figure from international organizations,,175100.477
OA,Annual population,566,Nigeria,511,Total Population - Both sexes,3010,Population - Est. & Proj.,1969,1969-01-01,1000 No,54360.75,X,Figure from international organizations,,900183.54
OA,Annual population,826,United Kingdom of Great Britain and Northern Ireland,511,Total Population - Both sexes,3010,Population - Est. & Proj.,1969,1969-01-01,1000 No,55420.519,X,Figure from international organizations,,1051224.186
OA,Annual population,840,United States of America,511,Total Population - Both sexes,3010,Population - Est. & Proj.,1969,1969-01-01,1000 No,197859.329,X,Figure from international organizations,,3479139.859
OA,Annual population,356,India,511,Total Population - Both sexes,3010,Population - Est. & Proj.,1969,1969-01-01,1000 No,545314.67,X,Figure from international organizations,,8899430.049
OA,Annual population,620,Portugal,511,Total Population - Both sexes,3010,Population - Est. & Proj.,1970,1970-01-01,1000 No,8683.631,X,Figure from international organizations,,183784.108
OA,Annual population,566,Nigeria,511,Total Population - Both sexes,3010,Population - Est. & Proj.,1970,1970-01-01,1000 No,55569.264,X,Figure from international organizations,,955752.804
OA,Annual population,826,United Kingdom of Great Britain and Northern Ireland,511,Total Population - Both sexes,3010,Population - Est. & Proj.,1970,1970-01-01,1000 No,55650.166,X,Figure from international organizations,,1106874.352
OA,Annual population,840,United States of America,511,Total Population - Both sexes,3010,Population - Est. & Proj.,1970,1970-01-01,1000 No,200328.34,X,Figure from international organizations,,3679468.199
OA,Annual population,356,India,511,Total Population - Both sexes,3010,Population - Est. & Proj.,1970,1970-01-01,1000 No,557501.301,X,Figure from international organizations,,9456931.350000001
OA,Annual population,620,Portugal,511,Total Population - Both sexes,3010,Population - Est. & Proj.,1971,1971-01-01,1000 No,8700.519,X,Figure from international organizations,,192484.627
OA,Annual population,826,United Kingdom of Great Britain and Northern Ireland,511,Total Population - Both sexes,3010,Population - Est. & Proj.,1971,1971-01-01,1000 No,55875.903,X,Figure from international organizations,,1162750.255
OA,Annual population,566,Nigeria,511,Total Population - Both sexes,3010,Population - Est. & Proj.,1971,1971-01-01,1000 No,56837.614,X,Figure from international organizations,,1012590.4180000001
OA,Annual population,840,United States of America,511,Total Population - Both sexes,3010,Population - Est. & Proj.,1971,1971-01-01,1000 No,202907.917,X,Figure from international organizations,,3882376.116
OA,Annual population,356,India,511,Total Population - Both sexes,3010,Population - Est. & Proj.,1971,1971-01-01,1000 No,569999.178,X,Figure from international organizations,,10026930.528
OA,Annual population,620,Portugal,511,Total Population - Both sexes,3010,Population - Est. & Proj.,1972,1972-01-01,1000 No,8833.266,X,Figure from international organizations,,201317.893
OA,Annual population,826,United Kingdom of Great Britain and Northern Ireland,511,Total Population - Both sexes,3010,Population - Est. & Proj.,1972,1972-01-01,1000 No,56057.315,X,Figure from international organizations,,1218807.5699999998
OA,Annual population,566,Nigeria,511,Total Population - Both sexes,3010,Population - Est. & Proj.,1972,1972-01-01,1000 No,58173.834,X,Figure from international organizations,,1070764.252
OA,Annual population,840,United States of America,511,Total Population - Both sexes,3010,Population - Est. & Proj.,1972,1972-01-01,1000 No,205238.39,X,Figure from international organizations,,4087614.506
OA,Annual population,356,India,511,Total Population - Both sexes,3010,Population - Est. & Proj.,1972,1972-01-01,1000 No,582837.973,X,Figure from international organizations,,10609768.501
OA,Annual population,620,Portugal,511,Total Population - Both sexes,3010,Population - Est. & Proj.,1973,1973-01-01,1000 No,8957.96,X,Figure from international organizations,,210275.853
OA,Annual population,826,United Kingdom of Great Britain and Northern Ireland,511,Total Population - Both sexes,3010,Population - Est. & Proj.,1973,1973-01-01,1000 No,56166.63,X,Figure from international organizations,,1274974.1999999997
OA,Annual population,566,Nigeria,511,Total Population - Both sexes,3010,Population - Est. & Proj.,1973,1973-01-01,1000 No,59605.446,X,Figure from international organizations,,1130369.698
OA,Annual population,840,United States of America,511,Total Population - Both sexes,3010,Population - Est. & Proj.,1973,1973-01-01,1000 No,207314.764,X,Figure from international organizations,,4294929.2700000005
OA,Annual population,356,India,511,Total Population - Both sexes,3010,Population - Est. & Proj.,1973,1973-01-01,1000 No,596107.483,X,Figure from international organizations,,11205875.984000001
OA,Annual population,620,Portugal,511,Total Population - Both sexes,3010,Population - Est. & Proj.,1974,1974-01-01,1000 No,9079.603,X,Figure from international organizations,,219355.456
OA,Annual population,826,United Kingdom of Great Britain and Northern Ireland,511,Total Population - Both sexes,3010,Population - Est. & Proj.,1974,1974-01-01,1000 No,56233.776,X,Figure from international organizations,,1331207.9759999998
OA,Annual population,566,Nigeria,511,Total Population - Both sexes,3010,Population - Est. & Proj.,1974,1974-01-01,1000 No,61157.931,X,Figure from international organizations,,1191527.6290000002
OA,Annual population,840,United States of America,511,Total Population - Both sexes,3010,Population - Est. & Proj.,1974,1974-01-01,1000 No,209277.968,X,Figure from international organizations,,4504207.238000001
OA,Annual population,356,India,511,Total Population - Both sexes,3010,Population - Est. & Proj.,1974,1974-01-01,1000 No,609721.951,X,Figure from international organizations,,11815597.935
OA,Annual population,620,Portugal,511,Total Population - Both sexes,3010,Population - Est. & Proj.,1975,1975-01-01,1000 No,9202.709,X,Figure from international organizations,,228558.165
OA,Annual population,826,United Kingdom of Great Britain and Northern Ireland,511,Total Population - Both sexes,3010,Population - Est. & Proj.,1975,1975-01-01,1000 No,56266.842,X,Figure from international organizations,,1387474.8179999997
OA,Annual population,566,Nigeria,511,Total Population - Both sexes,3010,Population - Est. & Proj.,1975,1975-01-01,1000 No,62851.312,X,Figure from international organizations,,1254378.941
OA,Annual population,840,United States of America,511,Total Population - Both sexes,3010,Population - Est. & Proj.,1975,1975-01-01,1000 No,211274.535,X,Figure from international organizations,,4715481.773000001
OA,Annual population,356,India,511,Total Population - Both sexes,3010,Population - Est. & Proj.,1975,1975-01-01,1000 No,623524.219,X,Figure from international organizations,,12439122.154000001
OA,Annual population,620,Portugal,511,Total Population - Both sexes,3010,Population - Est. & Proj.,1976,1976-01-01,1000 No,9330.201,X,Figure from international organizations,,237888.366
OA,Annual population,826,United Kingdom of Great Britain and Northern Ireland,511,Total Population - Both sexes,3010,Population - Est. & Proj.,1976,1976-01-01,1000 No,56263.232,X,Figure from international organizations,,1443738.0499999998
OA,Annual population,566,Nigeria,511,Total Population - Both sexes,3010,Population - Est. & Proj.,1976,1976-01-01,1000 No,64658.315,X,Figure from international organizations,,1319037.256
OA,Annual population,840,United States of America,511,Total Population - Both sexes,3010,Population - Est. & Proj.,1976,1976-01-01,1000 No,213270.022,X,Figure from international organizations,,4928751.795000001
OA,Annual population,356,India,511,Total Population - Both sexes,3010,Population - Est. & Proj.,1976,1976-01-01,1000 No,637451.448,X,Figure from international organizations,,13076573.602000002
OA,Annual population,620,Portugal,511,Total Population - Both sexes,3010,Population - Est. & Proj.,1977,1977-01-01,1000 No,9458.997,X,Figure from international organizations,,247347.363
OA,Annual population,826,United Kingdom of Great Britain and Northern Ireland,511,Total Population - Both sexes,3010,Population - Est. & Proj.,1977,1977-01-01,1000 No,56244.84,X,Figure from international organizations,,1499982.89
OA,Annual population,566,Nigeria,511,Total Population - Both sexes,3010,Population - Est. & Proj.,1977,1977-01-01,1000 No,66589.655,X,Figure from international organizations,,1385626.911
OA,Annual population,840,United States of America,511,Total Population - Both sexes,3010,Population - Est. & Proj.,1977,1977-01-01,1000 No,215437.405,X,Figure from international organizations,,5144189.200000001
OA,Annual population,356,India,511,Total Population - Both sexes,3010,Population - Est. & Proj.,1977,1977-01-01,1000 No,651685.628,X,Figure from international organizations,,13728259.230000002
OA,Annual population,620,Portugal,511,Total Population - Both sexes,3010,Population - Est. & Proj.,1978,1978-01-01,1000 No,9578.255,X,Figure from international organizations,,256925.61800000002
OA,Annual population,826,United Kingdom of Great Britain and Northern Ireland,511,Total Population - Both sexes,3010,Population - Est. & Proj.,1978,1978-01-01,1000 No,56240.768,X,Figure from international organizations,,1556223.6579999998
OA,Annual population,566,Nigeria,511,Total Population - Both sexes,3010,Population - Est. & Proj.,1978,1978-01-01,1000 No,68633.344,X,Figure from international organizations,,1454260.2550000001
OA,Annual population,840,United States of America,511,Total Population - Both sexes,3010,Population - Est. & Proj.,1978,1978-01-01,1000 No,217881.437,X,Figure from international organizations,,5362070.637000001
OA,Annual population,356,India,511,Total Population - Both sexes,3010,Population - Est. & Proj.,1978,1978-01-01,1000 No,666267.76,X,Figure from international organizations,,14394526.990000002
OA,Annual population,620,Portugal,511,Total Population - Both sexes,3010,Population - Est. & Proj.,1979,1979-01-01,1000 No,9686.178,X,Figure from international organizations,,266611.79600000003
OA,Annual population,826,United Kingdom of Great Britain and Northern Ireland,511,Total Population - Both sexes,3010,Population - Est. & Proj.,1979,1979-01-01,1000 No,56265.154,X,Figure from international organizations,,1612488.812
OA,Annual population,566,Nigeria,511,Total Population - Both sexes,3010,Population - Est. & Proj.,1979,1979-01-01,1000 No,70750.307,X,Figure from international organizations,,1525010.5620000002
OA,Annual population,840,United States of America,511,Total Population - Both sexes,3010,Population - Est. & Proj.,1979,1979-01-01,1000 No,220463.115,X,Figure from international organizations,,5582533.752000001
OA,Annual population,356,India,511,Total Population - Both sexes,3010,Population - Est. & Proj.,1979,1979-01-01,1000 No,681248.383,X,Figure from international organizations,,15075775.373000002
OA,Annual population,620,Portugal,511,Total Population - Both sexes,3010,Population - Est. & Proj.,1980,1980-01-01,1000 No,9785.252,X,Figure from international organizations,,276397.048
OA,Annual population,826,United Kingdom of Great Britain and Northern Ireland,511,Total Population - Both sexes,3010,Population - Est. & Proj.,1980,1980-01-01,1000 No,56326.328,X,Figure from international organizations,,1668815.14
OA,Annual population,566,Nigeria,511,Total Population - Both sexes,3010,Population - Est. & Proj.,1980,1980-01-01,1000 No,72951.439,X,Figure from international organizations,,1597962.0010000002
OA,Annual population,840,United States of America,511,Total Population - Both sexes,3010,Population - Est. & Proj.,1980,1980-01-01,1000 No,223140.018,X,Figure from international organizations,,5805673.770000001
OA,Annual population,356,India,511,Total Population - Both sexes,3010,Population - Est. & Proj.,1980,1980-01-01,1000 No,696828.385,X,Figure from international organizations,,15772603.758000001
OA,Annual population,620,Portugal,511,Total Population - Both sexes,3010,Population - Est. & Proj.,1981,1981-01-01,1000 No,9856.752,X,Figure from international organizations,,286253.8
OA,Annual population,826,United Kingdom of Great Britain and Northern Ireland,511,Total Population - Both sexes,3010,Population - Est. & Proj.,1981,1981-01-01,1000 No,56395.846,X,Figure from international organizations,,1725210.9859999998
OA,Annual population,566,Nigeria,511,Total Population - Both sexes,3010,Population - Est. & Proj.,1981,1981-01-01,1000 No,75175.387,X,Figure from international organizations,,1673137.3880000003
OA,Annual population,840,United States of America,511,Total Population - Both sexes,3010,Population - Est. & Proj.,1981,1981-01-01,1000 No,225654.008,X,Figure from international organizations,,6031327.778000002
OA,Annual population,356,India,511,Total Population - Both sexes,3010,Population - Est. & Proj.,1981,1981-01-01,1000 No,712869.298,X,Figure from international organizations,,16485473.056000002
OA,Annual population,620,Portugal,511,Total Population - Both sexes,3010,Population - Est. & Proj.,1982,1982-01-01,1000 No,9904.424,X,Figure from international organizations,,296158.224
OA,Annual population,826,United Kingdom of Great Britain and Northern Ireland,511,Total Population - Both sexes,3010,Population - Est. & Proj.,1982,1982-01-01,1000 No,56450.133,X,Figure from international organizations,,1781661.1189999997
OA,Annual population,566,Nigeria,511,Total Population - Both sexes,3010,Population - Est. & Proj.,1982,1982-01-01,1000 No,77388.067,X,Figure from international organizations,,1750525.4550000003
OA,Annual population,840,United States of America,511,Total Population - Both sexes,3010,Population - Est. & Proj.,1982,1982-01-01,1000 No,228001.418,X,Figure from international organizations,,6259329.196000001
OA,Annual population,356,India,511,Total Population - Both sexes,3010,Population - Est. & Proj.,1982,1982-01-01,1000 No,729169.466,X,Figure from international organizations,,17214642.522
OA,Annual population,620,Portugal,511,Total Population - Both sexes,3010,Population - Est. & Proj.,1983,1983-01-01,1000 No,9943.821,X,Figure from international organizations,,306102.045
OA,Annual population,826,United Kingdom of Great Britain and Northern Ireland,511,Total Population - Both sexes,3010,Population - Est. & Proj.,1983,1983-01-01,1000 No,56501.612,X,Figure from international organizations,,1838162.7309999997
OA,Annual population,566,Nigeria,511,Total Population - Both sexes,3010,Population - Est. & Proj.,1983,1983-01-01,1000 No,79351.586,X,Figure from international organizations,,1829877.0410000002
OA,Annual population,840,United States of America,511,Total Population - Both sexes,3010,Population - Est. & Proj.,1983,1983-01-01,1000 No,230389.964,X,Figure from international organizations,,6489719.160000001
OA,Annual population,356,India,511,Total Population - Both sexes,3010,Population - Est. & Proj.,1983,1983-01-01,1000 No,745826.546,X,Figure from international organizations,,17960469.068
OA,Annual population,620,Portugal,511,Total Population - Both sexes,3010,Population - Est. & Proj.,1984,1984-01-01,1000 No,9974.819,X,Figure from international organizations,,316076.864
OA,Annual population,826,United Kingdom of Great Britain and Northern Ireland,511,Total Population - Both sexes,3010,Population - Est. & Proj.,1984,1984-01-01,1000 No,56568.253,X,Figure from international organizations,,1894730.9839999997
OA,Annual population,566,Nigeria,511,Total Population - Both sexes,3010,Population - Est. & Proj.,1984,1984-01-01,1000 No,81337.553,X,Figure from international organizations,,1911214.5940000003
OA,Annual population,840,United States of America,511,Total Population - Both sexes,3010,Population - Est. & Proj.,1984,1984-01-01,1000 No,232766.28,X,Figure from international organizations,,6722485.440000001
OA,Annual population,356,India,511,Total Population - Both sexes,3010,Population - Est. & Proj.,1984,1984-01-01,1000 No,762895.156,X,Figure from international organizations,,18723364.224
OA,Annual population,620,Portugal,511,Total Population - Both sexes,3010,Population - Est. & Proj.,1985,1985-01-01,1000 No,9996.896,X,Figure from international organizations,,326073.76
OA,Annual population,826,United Kingdom of Great Britain and Northern Ireland,511,Total Population - Both sexes,3010,Population - Est. & Proj.,1985,1985-01-01,1000 No,56643.045,X,Figure from international organizations,,1951374.0289999996
OA,Annual population,566,Nigeria,511,Total Population - Both sexes,3010,Population - Est. & Proj.,1985,1985-01-01,1000 No,83585.251,X,Figure from international organizations,,1994799.8450000002
OA,Annual population,840,United States of America,511,Total Population - Both sexes,3010,Population - Est. & Proj.,1985,1985-01-01,1000 No,235146.182,X,Figure from international organizations,,6957631.622000001
OA,Annual population,356,India,511,Total Population - Both sexes,3010,Population - Est. & Proj.,1985,1985-01-01,1000 No,780242.084,X,Figure from international organizations,,19503606.308
OA,Annual population,620,Portugal,511,Total Population - Both sexes,3010,Population - Est. & Proj.,1986,1986-01-01,1000 No,10011.03,X,Figure from international organizations,,336084.79000000004
OA,Annual population,826,United Kingdom of Great Britain and Northern Ireland,511,Total Population - Both sexes,3010,Population - Est. & Proj.,1986,1986-01-01,1000 No,56721.909,X,Figure from international organizations,,2008095.9379999996
OA,Annual population,566,Nigeria,511,Total Population - Both sexes,3010,Population - Est. & Proj.,1986,1986-01-01,1000 No,85804.185,X,Figure from international organizations,,2080604.0300000003
OA,Annual population,840,United States of America,511,Total Population - Both sexes,3010,Population - Est. & Proj.,1986,1986-01-01,1000 No,237512.783,X,Figure from international organizations,,7195144.405000001
OA,Annual population,356,India,511,Total Population - Both sexes,3010,Population - Est. & Proj.,1986,1986-01-01,1000 No,797878.993,X,Figure from international organizations,,20301485.301
OA,Annual population,620,Portugal,511,Total Population - Both sexes,3010,Population - Est. & Proj.,1987,1987-01-01,1000 No,10020.203,X,Figure from international organizations,,346104.993
OA,Annual population,826,United Kingdom of Great Britain and Northern Ireland,511,Total Population - Both sexes,3010,Population - Est. & Proj.,1987,1987-01-01,1000 No,56826.322,X,Figure from international organizations,,2064922.2599999995
OA,Annual population,566,Nigeria,511,Total Population - Both sexes,3010,Population - Est. & Proj.,1987,1987-01-01,1000 No,88044.187,X,Figure from international organizations,,2168648.217
OA,Annual population,840,United States of America,511,Total Population - Both sexes,3010,Population - Est. & Proj.,1987,1987-01-01,1000 No,239853.168,X,Figure from international organizations,,7434997.573000001
OA,Annual population,356,India,511,Total Population - Both sexes,3010,Population - Est. & Proj.,1987,1987-01-01,1000 No,815716.125,X,Figure from international organizations,,21117201.426
OA,Annual population,620,Portugal,511,Total Population - Both sexes,3010,Population - Est. & Proj.,1988,1988-01-01,1000 No,10023.31,X,Figure from international organizations,,356128.303
OA,Annual population,826,United Kingdom of Great Britain and Northern Ireland,511,Total Population - Both sexes,3010,Population - Est. & Proj.,1988,1988-01-01,1000 No,56952.648,X,Figure from international organizations,,2121874.9079999994
OA,Annual population,566,Nigeria,511,Total Population - Both sexes,3010,Population - Est. & Proj.,1988,1988-01-01,1000 No,90351.467,X,Figure from international organizations,,2258999.6840000004
OA,Annual population,840,United States of America,511,Total Population - Both sexes,3010,Population - Est. & Proj.,1988,1988-01-01,1000 No,242287.814,X,Figure from international organizations,,7677285.387000001
OA,Annual population,356,India,511,Total Population - Both sexes,3010,Population - Est. & Proj.,1988,1988-01-01,1000 No,833729.681,X,Figure from international organizations,,21950931.107
OA,Annual population,620,Portugal,511,Total Population - Both sexes,3010,Population - Est. & Proj.,1989,1989-01-01,1000 No,10020.315,X,Figure from international organizations,,366148.618
OA,Annual population,826,United Kingdom of Great Britain and Northern Ireland,511,Total Population - Both sexes,3010,Population - Est. & Proj.,1989,1989-01-01,1000 No,57076.099,X,Figure from international organizations,,2178951.0069999993
OA,Annual population,566,Nigeria,511,Total Population - Both sexes,3010,Population - Est. & Proj.,1989,1989-01-01,1000 No,92744.064,X,Figure from international organizations,,2351743.748
OA,Annual population,840,United States of America,511,Total Population - Both sexes,3010,Population - Est. & Proj.,1989,1989-01-01,1000 No,244954.094,X,Figure from international organizations,,7922239.481000001
OA,Annual population,356,India,511,Total Population - Both sexes,3010,Population - Est. & Proj.,1989,1989-01-01,1000 No,852012.673,X,Figure from international organizations,,22802943.78
OA,Annual population,620,Portugal,511,Total Population - Both sexes,3010,Population - Est. & Proj.,1990,1990-01-01,1000 No,10007.346,X,Figure from international organizations,,376155.96400000004
OA,Annual population,826,United Kingdom of Great Britain and Northern Ireland,511,Total Population - Both sexes,3010,Population - Est. & Proj.,1990,1990-01-01,1000 No,57210.442,X,Figure from international organizations,,2236161.448999999
OA,Annual population,566,Nigeria,511,Total Population - Both sexes,3010,Population - Est. & Proj.,1990,1990-01-01,1000 No,95214.257,X,Figure from international organizations,,2446958.0050000004
OA,Annual population,840,United States of America,511,Total Population - Both sexes,3010,Population - Est. & Proj.,1990,1990-01-01,1000 No,248083.732,X,Figure from international organizations,,8170323.213
OA,Annual population,356,India,511,Total Population - Both sexes,3010,Population - Est. & Proj.,1990,1990-01-01,1000 No,870452.165,X,Figure from international organizations,,23673395.945
OA,Annual population,620,Portugal,511,Total Population - Both sexes,3010,Population - Est. & Proj.,1991,1991-01-01,1000 No,9986.415,X,Figure from international organizations,,386142.379
OA,Annual population,826,United Kingdom of Great Britain and Northern Ireland,511,Total Population - Both sexes,3010,Population - Est. & Proj.,1991,1991-01-01,1000 No,57359.454,X,Figure from international organizations,,2293520.902999999
OA,Annual population,566,Nigeria,511,Total Population - Both sexes,3010,Population - Est. & Proj.,1991,1991-01-01,1000 No,97685.36,X,Figure from international organizations,,2544643.365
OA,Annual population,840,United States of America,511,Total Population - Both sexes,3010,Population - Est. & Proj.,1991,1991-01-01,1000 No,251560.189,X,Figure from international organizations,,8421883.402
OA,Annual population,356,India,511,Total Population - Both sexes,3010,Population - Est. & Proj.,1991,1991-01-01,1000 No,888941.756,X,Figure from international organizations,,24562337.701
OA,Annual population,620,Portugal,511,Total Population - Both sexes,3010,Population - Est. & Proj.,1992,1992-01-01,1000 No,9978.744,X,Figure from international organizations,,396121.123
OA,Annual population,826,United Kingdom of Great Britain and Northern Ireland,511,Total Population - Both sexes,3010,Population - Est. & Proj.,1992,1992-01-01,1000 No,57509.24,X,Figure from international organizations,,2351030.142999999
OA,Annual population,566,Nigeria,511,Total Population - Both sexes,3010,Population - Est. & Proj.,1992,1992-01-01,1000 No,100182.045,X,Figure from international organizations,,2644825.41
OA,Annual population,840,United States of America,511,Total Population - Both sexes,3010,Population - Est. & Proj.,1992,1992-01-01,1000 No,255175.339,X,Figure from international organizations,,8677058.741
OA,Annual population,356,India,511,Total Population - Both sexes,3010,Population - Est. & Proj.,1992,1992-01-01,1000 No,907574.049,X,Figure from international organizations,,25469911.75
OA,Annual population,620,Portugal,511,Total Population - Both sexes,3010,Population - Est. & Proj.,1993,1993-01-01,1000 No,9992.103,X,Figure from international organizations,,406113.226
OA,Annual population,826,United Kingdom of Great Britain and Northern Ireland,511,Total Population - Both sexes,3010,Population - Est. & Proj.,1993,1993-01-01,1000 No,57647.463,X,Figure from international organizations,,2408677.605999999
OA,Annual population,566,Nigeria,511,Total Population - Both sexes,3010,Population - Est. & Proj.,1993,1993-01-01,1000 No,102775.465,X,Figure from international organizations,,2747600.875
OA,Annual population,840,United States of America,511,Total Population - Both sexes,3010,Population - Est. & Proj.,1993,1993-01-01,1000 No,258779.753,X,Figure from international organizations,,8935838.494
OA,Annual population,356,India,511,Total Population - Both sexes,3010,Population - Est. & Proj.,1993,1993-01-01,1000 No,926351.297,X,Figure from international organizations,,26396263.047
OA,Annual population,620,Portugal,511,Total Population - Both sexes,3010,Population - Est. & Proj.,1994,1994-01-01,1000 No,10018.104,X,Figure from international organizations,,416131.33
OA,Annual population,826,United Kingdom of Great Britain and Northern Ireland,511,Total Population - Both sexes,3010,Population - Est. & Proj.,1994,1994-01-01,1000 No,57785.9,X,Figure from international organizations,,2466463.505999999
OA,Annual population,566,Nigeria,511,Total Population - Both sexes,3010,Population - Est. & Proj.,1994,1994-01-01,1000 No,105456.121,X,Figure from international organizations,,2853056.996
OA,Annual population,840,United States of America,511,Total Population - Both sexes,3010,Population - Est. & Proj.,1994,1994-01-01,1000 No,262273.589,X,Figure from international organizations,,9198112.083
OA,Annual population,356,India,511,Total Population - Both sexes,3010,Population - Est. & Proj.,1994,1994-01-01,1000 No,945261.958,X,Figure from international organizations,,27341525.005
OA,Annual population,620,Portugal,511,Total Population - Both sexes,3010,Population - Est. & Proj.,1995,1995-01-01,1000 No,10051.248,X,Figure from international organizations,,426182.57800000004
OA,Annual population,826,United Kingdom of Great Britain and Northern Ireland,511,Total Population - Both sexes,3010,Population - Est. & Proj.,1995,1995-01-01,1000 No,57930.364,X,Figure from international organizations,,2524393.869999999
OA,Annual population,566,Nigeria,511,Total Population - Both sexes,3010,Population - Est. & Proj.,1995,1995-01-01,1000 No,108187.61,X,Figure from international organizations,,2961244.6059999997
OA,Annual population,840,United States of America,511,Total Population - Both sexes,3010,Population - Est. & Proj.,1995,1995-01-01,1000 No,265660.556,X,Figure from international organizations,,9463772.639
OA,Annual population,356,India,511,Total Population - Both sexes,3010,Population - Est. & Proj.,1995,1995-01-01,1000 No,964279.129,X,Figure from international organizations,,28305804.134
OA,Annual population,620,Portugal,511,Total Population - Both sexes,3010,Population - Est. & Proj.,1996,1996-01-01,1000 No,10087.645,X,Figure from international organizations,,436270.22300000006
OA,Annual population,826,United Kingdom of Great Britain and Northern Ireland,511,Total Population - Both sexes,3010,Population - Est. & Proj.,1996,1996-01-01,1000 No,58078.586,X,Figure from international organizations,,2582472.4559999993
OA,Annual population,566,Nigeria,511,Total Population - Both sexes,3010,Population - Est. & Proj.,1996,1996-01-01,1000 No,110956.183,X,Figure from international organizations,,3072200.789
OA,Annual population,840,United States of America,511,Total Population - Both sexes,3010,Population - Est. & Proj.,1996,1996-01-01,1000 No,268984.347,X,Figure from international organizations,,9732756.986
OA,Annual population,356,India,511,Total Population - Both sexes,3010,Population - Est. & Proj.,1996,1996-01-01,1000 No,983281.218,X,Figure from international organizations,,29289085.351999998
OA,Annual population,620,Portugal,511,Total Population - Both sexes,3010,Population - Est. & Proj.,1997,1997-01-01,1000 No,10130.549,X,Figure from international organizations,,446400.77200000006
OA,Annual population,826,United Kingdom of Great Britain and Northern Ireland,511,Total Population - Both sexes,3010,Population - Est. & Proj.,1997,1997-01-01,1000 No,58250.198,X,Figure from international organizations,,2640722.653999999
OA,Annual population,566,Nigeria,511,Total Population - Both sexes,3010,Population - Est. & Proj.,1997,1997-01-01,1000 No,113791.181,X,Figure from international organizations,,3185991.9699999997
OA,Annual population,840,United States of America,511,Total Population - Both sexes,3010,Population - Est. & Proj.,1997,1997-01-01,1000 No,272395.438,X,Figure from international organizations,,10005152.423999999
OA,Annual population,356,India,511,Total Population - Both sexes,3010,Population - Est. & Proj.,1997,1997-01-01,1000 No,1002335.23,X,Figure from international organizations,,30291420.582
OA,Annual population,620,Portugal,511,Total Population - Both sexes,3010,Population - Est. & Proj.,1998,1998-01-01,1000 No,10179.415,X,Figure from international organizations,,456580.18700000003
OA,Annual population,826,United Kingdom of Great Britain and Northern Ireland,511,Total Population - Both sexes,3010,Population - Est. & Proj.,1998,1998-01-01,1000 No,58438.321,X,Figure from international organizations,,2699160.974999999
OA,Annual population,566,Nigeria,511,Total Population - Both sexes,3010,Population - Est. & Proj.,1998,1998-01-01,1000 No,116690.527,X,Figure from international organizations,,3302682.4969999995
OA,Annual population,840,United States of America,511,Total Population - Both sexes,3010,Population - Est. & Proj.,1998,1998-01-01,1000 No,275835.018,X,Figure from international organizations,,10280987.441999998
OA,Annual population,356,India,511,Total Population - Both sexes,3010,Population - Est. & Proj.,1998,1998-01-01,1000 No,1021434.576,X,Figure from international organizations,,31312855.158
OA,Annual population,620,Portugal,511,Total Population - Both sexes,3010,Population - Est. & Proj.,1999,1999-01-01,1000 No,10233.369,X,Figure from international organizations,,466813.55600000004
OA,Annual population,826,United Kingdom of Great Britain and Northern Ireland,511,Total Population - Both sexes,3010,Population - Est. & Proj.,1999,1999-01-01,1000 No,58635.202,X,Figure from international organizations,,2757796.176999999
OA,Annual population,566,Nigeria,511,Total Population - Both sexes,3010,Population - Est. & Proj.,1999,1999-01-01,1000 No,119695.565,X,Figure from international organizations,,3422378.0619999995
OA,Annual population,840,United States of America,511,Total Population - Both sexes,3010,Population - Est. & Proj.,1999,1999-01-01,1000 No,279181.581,X,Figure from international organizations,,10560169.022999998
OA,Annual population,356,India,511,Total Population - Both sexes,3010,Population - Est. & Proj.,1999,1999-01-01,1000 No,1040500.054,X,Figure from international organizations,,32353355.212
OA,Annual population,620,Portugal,511,Total Population - Both sexes,3010,Population - Est. & Proj.,2000,2000-01-01,1000 No,10300.626,X,Figure from international organizations,,477114.18200000003
OA,Annual population,826,United Kingdom of Great Britain and Northern Ireland,511,Total Population - Both sexes,3010,Population - Est. & Proj.,2000,2000-01-01,1000 No,58850.043,X,Figure from international organizations,,2816646.2199999993
OA,Annual population,566,Nigeria,511,Total Population - Both sexes,3010,Population - Est. & Proj.,2000,2000-01-01,1000 No,122851.984,X,Figure from international organizations,,3545230.0459999996
OA,Annual population,840,United States of America,511,Total Population - Both sexes,3010,Population - Est. & Proj.,2000,2000-01-01,1000 No,282398.554,X,Figure from international organizations,,10842567.576999998
OA,Annual population,356,India,511,Total Population - Both sexes,3010,Population - Est. & Proj.,2000,2000-01-01,1000 No,1059633.675,X,Figure from international organizations,,33412988.887000002
OA,Annual population,620,Portugal,511,Total Population - Both sexes,3010,Population - Est. & Proj.,2001,2001-01-01,1000 No,10371.819,X,Figure from international organizations,,487486.00100000005
OA,Annual population,826,United Kingdom of Great Britain and Northern Ireland,511,Total Population - Both sexes,3010,Population - Est. & Proj.,2001,2001-01-01,1000 No,59092.016,X,Figure from international organizations,,2875738.235999999
OA,Annual population,566,Nigeria,511,Total Population - Both sexes,3010,Population - Est. & Proj.,2001,2001-01-01,1000 No,126152.678,X,Figure from international organizations,,3671382.7239999995
OA,Annual population,840,United States of America,511,Total Population - Both sexes,3010,Population - Est. & Proj.,2001,2001-01-01,1000 No,285470.493,X,Figure from international organizations,,11128038.069999998
OA,Annual population,356,India,511,Total Population - Both sexes,3010,Population - Est. & Proj.,2001,2001-01-01,1000 No,1078970.907,X,Figure from international organizations,,34491959.794
OA,Annual population,620,Portugal,511,Total Population - Both sexes,3010,Population - Est. & Proj.,2002,2002-01-01,1000 No,10430.914,X,Figure from international organizations,,497916.91500000004
OA,Annual population,826,United Kingdom of Great Britain and Northern Ireland,511,Total Population - Both sexes,3010,Population - Est. & Proj.,2002,2002-01-01,1000 No,59355.69,X,Figure from international organizations,,2935093.925999999
OA,Annual population,566,Nigeria,511,Total Population - Both sexes,3010,Population - Est. & Proj.,2002,2002-01-01,1000 No,129583.026,X,Figure from international organizations,,3800965.7499999995
OA,Annual population,840,United States of America,511,Total Population - Both sexes,3010,Population - Est. & Proj.,2002,2002-01-01,1000 No,288350.252,X,Figure from international organizations,,11416388.321999999
OA,Annual population,356,India,511,Total Population - Both sexes,3010,Population - Est. & Proj.,2002,2002-01-01,1000 No,1098313.039,X,Figure from international organizations,,35590272.833
OA,Annual population,620,Portugal,511,Total Population - Both sexes,3010,Population - Est. & Proj.,2003,2003-01-01,1000 No,10473.344,X,Figure from international organizations,,508390.259
OA,Annual population,826,United Kingdom of Great Britain and Northern Ireland,511,Total Population - Both sexes,3010,Population - Est. & Proj.,2003,2003-01-01,1000 No,59649.799,X,Figure from international organizations,,2994743.724999999
OA,Annual population,566,Nigeria,511,Total Population - Both sexes,3010,Population - Est. & Proj.,2003,2003-01-01,1000 No,133119.801,X,Figure from international organizations,,3934085.5509999995
OA,Annual population,840,United States of America,511,Total Population - Both sexes,3010,Population - Est. & Proj.,2003,2003-01-01,1000 No,291109.82,X,Figure from international organizations,,11707498.141999999
OA,Annual population,356,India,511,Total Population - Both sexes,3010,Population - Est. & Proj.,2003,2003-01-01,1000 No,1117415.123,X,Figure from international organizations,,36707687.956
OA,Annual population,620,Portugal,511,Total Population - Both sexes,3010,Population - Est. & Proj.,2004,2004-01-01,1000 No,10501.522,X,Figure from international organizations,,518891.781
OA,Annual population,826,United Kingdom of Great Britain and Northern Ireland,511,Total Population - Both sexes,3010,Population - Est. & Proj.,2004,2004-01-01,1000 No,59995.851,X,Figure from international organizations,,3054739.575999999
OA,Annual population,566,Nigeria,511,Total Population - Both sexes,3010,Population - Est. & Proj.,2004,2004-01-01,1000 No,136756.848,X,Figure from international organizations,,4070842.3989999993
OA,Annual population,840,United States of America,511,Total Population - Both sexes,3010,Population - Est. & Proj.,2004,2004-01-01,1000 No,293947.885,X,Figure from international organizations,,12001446.026999999
OA,Annual population,356,India,511,Total Population - Both sexes,3010,Population - Est. & Proj.,2004,2004-01-01,1000 No,1136264.583,X,Figure from international organizations,,37843952.539
OA,Annual population,620,Portugal,511,Total Population - Both sexes,3010,Population - Est. & Proj.,2005,2005-01-01,1000 No,10523.315,X,Figure from international organizations,,529415.096
OA,Annual population,826,United Kingdom of Great Britain and Northern Ireland,511,Total Population - Both sexes,3010,Population - Est. & Proj.,2005,2005-01-01,1000 No,60383.741,X,Figure from international organizations,,3115123.316999999
OA,Annual population,566,Nigeria,511,Total Population - Both sexes,3010,Population - Est. & Proj.,2005,2005-01-01,1000 No,140490.722,X,Figure from international organizations,,4211333.120999999
OA,Annual population,840,United States of America,511,Total Population - Both sexes,3010,Population - Est. & Proj.,2005,2005-01-01,1000 No,296842.67,X,Figure from international organizations,,12298288.696999999
OA,Annual population,356,India,511,Total Population - Both sexes,3010,Population - Est. & Proj.,2005,2005-01-01,1000 No,1154638.713,X,Figure from international organizations,,38998591.252
OA,Annual population,620,Portugal,511,Total Population - Both sexes,3010,Population - Est. & Proj.,2006,2006-01-01,1000 No,10543.947,X,Figure from international organizations,,539959.0430000001
OA,Annual population,826,United Kingdom of Great Britain and Northern Ireland,511,Total Population - Both sexes,3010,Population - Est. & Proj.,2006,2006-01-01,1000 No,60803.7,X,Figure from international organizations,,3175927.016999999
OA,Annual population,566,Nigeria,511,Total Population - Both sexes,3010,Population - Est. & Proj.,2006,2006-01-01,1000 No,144329.764,X,Figure from international organizations,,4355662.885
OA,Annual population,840,United States of America,511,Total Population - Both sexes,3010,Population - Est. & Proj.,2006,2006-01-01,1000 No,299753.098,X,Figure from international organizations,,12598041.794999998
OA,Annual population,356,India,511,Total Population - Both sexes,3010,Population - Est. & Proj.,2006,2006-01-01,1000 No,1172373.788,X,Figure from international organizations,,40170965.04
OA,Annual population,620,Portugal,511,Total Population - Both sexes,3010,Population - Est. & Proj.,2007,2007-01-01,1000 No,10565.551,X,Figure from international organizations,,550524.594
OA,Annual population,826,United Kingdom of Great Britain and Northern Ireland,511,Total Population - Both sexes,3010,Population - Est. & Proj.,2007,2007-01-01,1000 No,61260.676,X,Figure from international organizations,,3237187.692999999
OA,Annual population,566,Nigeria,511,Total Population - Both sexes,3010,Population - Est. & Proj.,2007,2007-01-01,1000 No,148294.028,X,Figure from international organizations,,4503956.913
OA,Annual population,840,United States of America,511,Total Population - Both sexes,3010,Population - Est. & Proj.,2007,2007-01-01,1000 No,302743.399,X,Figure from international organizations,,12900785.193999998
OA,Annual population,356,India,511,Total Population - Both sexes,3010,Population - Est. & Proj.,2007,2007-01-01,1000 No,1189691.809,X,Figure from international organizations,,41360656.849
OA,Annual population,620,Portugal,511,Total Population - Both sexes,3010,Population - Est. & Proj.,2008,2008-01-01,1000 No,10580.96,X,Figure from international organizations,,561105.554
OA,Annual population,826,United Kingdom of Great Britain and Northern Ireland,511,Total Population - Both sexes,3010,Population - Est. & Proj.,2008,2008-01-01,1000 No,61742.151,X,Figure from international organizations,,3298929.843999999
OA,Annual population,566,Nigeria,511,Total Population - Both sexes,3010,Population - Est. & Proj.,2008,2008-01-01,1000 No,152382.506,X,Figure from international organizations,,4656339.419
OA,Annual population,840,United States of America,511,Total Population - Both sexes,3010,Population - Est. & Proj.,2008,2008-01-01,1000 No,305694.91,X,Figure from international organizations,,13206480.103999998
OA,Annual population,356,India,511,Total Population - Both sexes,3010,Population - Est. & Proj.,2008,2008-01-01,1000 No,1206734.806,X,Figure from international organizations,,42567391.655
OA,Annual population,620,Portugal,511,Total Population - Both sexes,3010,Population - Est. & Proj.,2009,2009-01-01,1000 No,10591.343,X,Figure from international organizations,,571696.897
OA,Annual population,826,United Kingdom of Great Britain and Northern Ireland,511,Total Population - Both sexes,3010,Population - Est. & Proj.,2009,2009-01-01,1000 No,62243.378,X,Figure from international organizations,,3361173.221999999
OA,Annual population,566,Nigeria,511,Total Population - Both sexes,3010,Population - Est. & Proj.,2009,2009-01-01,1000 No,156595.758,X,Figure from international organizations,,4812935.177
OA,Annual population,840,United States of America,511,Total Population - Both sexes,3010,Population - Est. & Proj.,2009,2009-01-01,1000 No,308512.035,X,Figure from international organizations,,13514992.138999999
OA,Annual population,356,India,511,Total Population - Both sexes,3010,Population - Est. & Proj.,2009,2009-01-01,1000 No,1223640.16,X,Figure from international organizations,,43791031.815
OA,Annual population,620,Portugal,511,Total Population - Both sexes,3010,Population - Est. & Proj.,2010,2010-01-01,1000 No,10588.401,X,Figure from international organizations,,582285.298
OA,Annual population,826,United Kingdom of Great Britain and Northern Ireland,511,Total Population - Both sexes,3010,Population - Est. & Proj.,2010,2010-01-01,1000 No,62760.039,X,Figure from international organizations,,3423933.260999999
OA,Annual population,566,Nigeria,511,Total Population - Both sexes,3010,Population - Est. & Proj.,2010,2010-01-01,1000 No,160952.853,X,Figure from international organizations,,4973888.03
OA,Annual population,840,United States of America,511,Total Population - Both sexes,3010,Population - Est. & Proj.,2010,2010-01-01,1000 No,311182.845,X,Figure from international organizations,,13826174.984
OA,Annual population,356,India,511,Total Population - Both sexes,3010,Population - Est. & Proj.,2010,2010-01-01,1000 No,1240613.62,X,Figure from international organizations,,45031645.434999995
OA,Annual population,620,Portugal,511,Total Population - Both sexes,3010,Population - Est. & Proj.,2011,2011-01-01,1000 No,10564.826,X,Figure from international organizations,,592850.124
OA,Annual population,826,United Kingdom of Great Britain and Northern Ireland,511,Total Population - Both sexes,3010,Population - Est. & Proj.,2011,2011-01-01,1000 No,63286.362,X,Figure from international organizations,,3487219.622999999
OA,Annual population,566,Nigeria,511,Total Population - Both sexes,3010,Population - Est. & Proj.,2011,2011-01-01,1000 No,165463.745,X,Figure from international organizations,,5139351.775
OA,Annual population,840,United States of America,511,Total Population - Both sexes,3010,Population - Est. & Proj.,2011,2011-01-01,1000 No,313876.608,X,Figure from international organizations,,14140051.592
OA,Annual population,356,India,511,Total Population - Both sexes,3010,Population - Est. & Proj.,2011,2011-01-01,1000 No,1257621.191,X,Figure from international organizations,,46289266.625999995
OA,Annual population,620,Portugal,511,Total Population - Both sexes,3010,Population - Est. & Proj.,2012,2012-01-01,1000 No,10522.086,X,Figure from international organizations,,603372.21
OA,Annual population,826,United Kingdom of Great Britain and Northern Ireland,511,Total Population - Both sexes,3010,Population - Est. & Proj.,2012,2012-01-01,1000 No,63808.727,X,Figure from international organizations,,3551028.349999999
OA,Annual population,566,Nigeria,511,Total Population - Both sexes,3010,Population - Est. & Proj.,2012,2012-01-01,1000 No,170075.932,X,Figure from international organizations,,5309427.707
OA,Annual population,840,United States of America,511,Total Population - Both sexes,3010,Population - Est. & Proj.,2012,2012-01-01,1000 No,316651.321,X,Figure from international organizations,,14456702.913
OA,Annual population,356,India,511,Total Population - Both sexes,3010,Population - Est. & Proj.,2012,2012-01-01,1000 No,1274487.215,X,Figure from international organizations,,47563753.841
OA,Annual population,620,Portugal,511,Total Population - Both sexes,3010,Population - Est. & Proj.,2013,2013-01-01,1000 No,10464.535,X,Figure from international organizations,,613836.745
OA,Annual population,826,United Kingdom of Great Britain and Northern Ireland,511,Total Population - Both sexes,3010,Population - Est. & Proj.,2013,2013-01-01,1000 No,64302.297,X,Figure from international organizations,,3615330.646999999
OA,Annual population,566,Nigeria,511,Total Population - Both sexes,3010,Population - Est. & Proj.,2013,2013-01-01,1000 No,174726.123,X,Figure from international organizations,,5484153.83
OA,Annual population,840,United States of America,511,Total Population - Both sexes,3010,Population - Est. & Proj.,2013,2013-01-01,1000 No,319375.166,X,Figure from international organizations,,14776078.079
OA,Annual population,356,India,511,Total Population - Both sexes,3010,Population - Est. & Proj.,2013,2013-01-01,1000 No,1291132.063,X,Figure from international organizations,,48854885.904
OA,Annual population,620,Portugal,511,Total Population - Both sexes,3010,Population - Est. & Proj.,2014,2014-01-01,1000 No,10408.372,X,Figure from international organizations,,624245.117
OA,Annual population,826,United Kingdom of Great Britain and Northern Ireland,511,Total Population - Both sexes,3010,Population - Est. & Proj.,2014,2014-01-01,1000 No,64773.504,X,Figure from international organizations,,3680104.150999999
OA,Annual population,566,Nigeria,511,Total Population - Both sexes,3010,Population - Est. & Proj.,2014,2014-01-01,1000 No,179379.016,X,Figure from international organizations,,5663532.846
OA,Annual population,840,United States of America,511,Total Population - Both sexes,3010,Population - Est. & Proj.,2014,2014-01-01,1000 No,322033.964,X,Figure from international organizations,,15098112.043
OA,Annual population,356,India,511,Total Population - Both sexes,3010,Population - Est. & Proj.,2014,2014-01-01,1000 No,1307246.509,X,Figure from international organizations,,50162132.413
OA,Annual population,620,Portugal,511,Total Population - Both sexes,3010,Population - Est. & Proj.,2015,2015-01-01,1000 No,10365.435,X,Figure from international organizations,,634610.552
OA,Annual population,826,United Kingdom of Great Britain and Northern Ireland,511,Total Population - Both sexes,3010,Population - Est. & Proj.,2015,2015-01-01,1000 No,65224.364,X,Figure from international organizations,,3745328.514999999
OA,Annual population,566,Nigeria,511,Total Population - Both sexes,3010,Population - Est. & Proj.,2015,2015-01-01,1000 No,183995.785,X,Figure from international organizations,,5847528.631
OA,Annual population,840,United States of America,511,Total Population - Both sexes,3010,Population - Est. & Proj.,2015,2015-01-01,1000 No,324607.776,X,Figure from international organizations,,15422719.819
OA,Annual population,356,India,511,Total Population - Both sexes,3010,Population - Est. & Proj.,2015,2015-01-01,1000 No,1322866.505,X,Figure from international organizations,,51484998.918000005
OA,Annual population,620,Portugal,511,Total Population - Both sexes,3010,Population - Est. & Proj.,2016,2016-01-01,1000 No,10332.753,X,Figure from international organizations,,644943.305
OA,Annual population,826,United Kingdom of Great Britain and Northern Ireland,511,Total Population - Both sexes,3010,Population - Est. & Proj.,2016,2016-01-01,1000 No,65655.203,X,Figure from international organizations,,3810983.7179999994
OA,Annual population,566,Nigeria,511,Total Population - Both sexes,3010,Population - Est. & Proj.,2016,2016-01-01,1000 No,188666.931,X,Figure from international organizations,,6036195.562
OA,Annual population,840,United States of America,511,Total Population - Both sexes,3010,Population - Est. & Proj.,2016,2016-01-01,1000 No,327210.198,X,Figure from international organizations,,15749930.017
OA,Annual population,356,India,511,Total Population - Both sexes,3010,Population - Est. & Proj.,2016,2016-01-01,1000 No,1338636.34,X,Figure from international organizations,,52823635.25800001
OA,Annual population,620,Portugal,511,Total Population - Both sexes,3010,Population - Est. & Proj.,2017,2017-01-01,1000 No,10307.53,X,Figure from international organizations,,655250.8350000001
OA,Annual population,826,United Kingdom of Great Britain and Northern Ireland,511,Total Population - Both sexes,3010,Population - Est. & Proj.,2017,2017-01-01,1000 No,66064.804,X,Figure from international organizations,,3877048.5219999994
OA,Annual population,566,Nigeria,511,Total Population - Both sexes,3010,Population - Est. & Proj.,2017,2017-01-01,1000 No,193495.907,X,Figure from international organizations,,6229691.469
OA,Annual population,840,United States of America,511,Total Population - Both sexes,3010,Population - Est. & Proj.,2017,2017-01-01,1000 No,329791.231,X,Figure from international organizations,,16079721.248000002
OA,Annual population,356,India,511,Total Population - Both sexes,3010,Population - Est. & Proj.,2017,2017-01-01,1000 No,1354195.68,X,Figure from international organizations,,54177830.93800001
OA,Annual population,620,Portugal,511,Total Population - Both sexes,3010,Population - Est. & Proj.,2018,2018-01-01,1000 No,10289.835,X,Figure from international organizations,,665540.67
OA,Annual population,826,United Kingdom of Great Britain and Northern Ireland,511,Total Population - Both sexes,3010,Population - Est. & Proj.,2018,2018-01-01,1000 No,66432.993,X,Figure from international organizations,,3943481.514999999
OA,Annual population,566,Nigeria,511,Total Population - Both sexes,3010,Population - Est. & Proj.,2018,2018-01-01,1000 No,198387.623,X,Figure from international organizations,,6428079.091999999
OA,Annual population,840,United States of America,511,Total Population - Both sexes,3010,Population - Est. & Proj.,2018,2018-01-01,1000 No,332140.037,X,Figure from international organizations,,16411861.285000002
OA,Annual population,356,India,511,Total Population - Both sexes,3010,Population - Est. & Proj.,2018,2018-01-01,1000 No,1369003.306,X,Figure from international organizations,,55546834.24400001
OA,Annual population,620,Portugal,511,Total Population - Both sexes,3010,Population - Est. & Proj.,2019,2019-01-01,1000 No,10289.923,X,Figure from international organizations,,675830.593
OA,Annual population,826,United Kingdom of Great Britain and Northern Ireland,511,Total Population - Both sexes,3010,Population - Est. & Proj.,2019,2019-01-01,1000 No,66778.659,X,Figure from international organizations,,4010260.173999999
OA,Annual population,566,Nigeria,511,Total Population - Both sexes,3010,Population - Est. & Proj.,2019,2019-01-01,1000 No,203304.492,X,Figure from international organizations,,6631383.583999999
OA,Annual population,840,United States of America,511,Total Population - Both sexes,3010,Population - Est. & Proj.,2019,2019-01-01,1000 No,334319.671,X,Figure from international organizations,,16746180.956000002
OA,Annual population,356,India,511,Total Population - Both sexes,3010,Population - Est. & Proj.,2019,2019-01-01,1000 No,1383112.05,X,Figure from international organizations,,56929946.29400001
OA,Annual population,620,Portugal,511,Total Population - Both sexes,3010,Population - Est. & Proj.,2020,2020-01-01,1000 No,10298.192,X,Figure from international organizations,,686128.785
OA,Annual population,826,United Kingdom of Great Britain and Northern Ireland,511,Total Population - Both sexes,3010,Population - Est. & Proj.,2020,2020-01-01,1000 No,67059.474,X,Figure from international organizations,,4077319.647999999
OA,Annual population,566,Nigeria,511,Total Population - Both sexes,3010,Population - Est. & Proj.,2020,2020-01-01,1000 No,208327.405,X,Figure from international organizations,,6839710.988999999
OA,Annual population,840,United States of America,511,Total Population - Both sexes,3010,Population - Est. & Proj.,2020,2020-01-01,1000 No,335942.003,X,Figure from international organizations,,17082122.959000003
OA,Annual population,356,India,511,Total Population - Both sexes,3010,Population - Est. & Proj.,2020,2020-01-01,1000 No,1396387.127,X,Figure from international organizations,,58326333.421000004
OA,Annual population,620,Portugal,511,Total Population - Both sexes,3010,Population - Est. & Proj.,2021,2021-01-01,1000 No,10290.103,X,Figure from international organizations,,696418.888
OA,Annual population,826,United Kingdom of Great Britain and Northern Ireland,511,Total Population - Both sexes,3010,Population - Est. & Proj.,2021,2021-01-01,1000 No,67281.039,X,Figure from international organizations,,4144600.686999999
OA,Annual population,566,Nigeria,511,Total Population - Both sexes,3010,Population - Est. & Proj.,2021,2021-01-01,1000 No,213401.323,X,Figure from international organizations,,7053112.311999999
OA,Annual population,840,United States of America,511,Total Population - Both sexes,3010,Population - Est. & Proj.,2021,2021-01-01,1000 No,336997.624,X,Figure from international organizations,,17419120.583000004
OA,Annual population,356,India,511,Total Population - Both sexes,3010,Population - Est. & Proj.,2021,2021-01-01,1000 No,1407563.842,X,Figure from international organizations,,59733897.263000004
